approxAnzahl,areaRatio,circleLike,contureDistance,conturenAnzahl,farPoint,keyPointsAnzahl,mean_val,middlepointDistance,minimal_ratio,minimal_ratio2,momentpointDistance,rectangleLike,seradity,seradity2,solidity,solidity2,steiner,type
20,1.0,0.4189608322669969,1.8346562116463545,1,33421,234,255.00000000000003,-3.935106462610256,2.8974449253981063,2.8974449253981063,-9.219544457292887,1.1360901846079556,0.6185549868882418,0.6185549868882418,0.6260102607351185,0.6260102607351185,11.40175425099138,Dosenoeffner
16,0.118130259787779,0.47965654475431324,1.0911995297089412,2,7883,418,226.30033134048838,10.057441253263708,3.5794392523364484,1.3796728892829337,36.0,1.4641898626770355,0.940046114999096,0.9265422518087598,0.8199573970177912,0.9003067484662577,8.0,Flaschenoeffner
38,0.00134180269345348,0.1732889974590518,1.104481895380884,3,15193,438,254.99999999999997,33.572424799606516,2.2639585646947458,1.0,73.53910524340094,0.20564975002540786,0.7180234003844097,0.9862054821785151,0.7392166854730099,0.9732142857142857,24.08318915758459,Korkenzieher
