approxAnzahl,areaRatio,circleLike,contureDistance,conturenAnzahl,farPoint,keyPointsAnzahl,mean_val,middlepointDistance,minimal_ratio,minimal_ratio2,momentpointDistance,rectangleLike,seradity,seradity2,solidity,solidity2,steiner,type
31,0.5309420181099604,0.698240466130006,1.434830999152724,4,31959,466,255.0,-14.971210541126243,1.377011436146529,2.691752893193067,-2.8284271247461903,1.6461025590302198,0.6055473488817851,0.9007155629328933,0.30574505185230505,0.8590739841346933,32.526911934581186,Korkenzieher
15,1.0,0.48207319174065544,1.617554355650901,1,11456,250,255.0,1.4557342899034307,2.9144334351021777,2.9144334351021777,7.7781745930520225,1.3876124477796177,0.7841682447447691,0.7841682447447691,0.6268366464995678,0.6268366464995678,21.93171219946131,Korkenzieher
26,0.09947630897770315,0.30931235697378273,0.9096004170136882,5,31507,425,206.652858203415,5.703962556269227,1.5680804040637517,1.9442336068208843,37.12142238654117,0.6548973447727695,0.6647234781860548,0.9311362540661198,0.6645325611590583,0.9371528104698239,35.34119409414458,Flaschenoeffner
