approxAnzahl,areaRatio,circleLike,contureDistance,conturenAnzahl,farPoint,keyPointsAnzahl,mean_val,middlepointDistance,minimal_ratio,minimal_ratio2,momentpointDistance,rectangleLike,seradity,seradity2,solidity,solidity2,steiner,type
18,0.009953217284527114,0.2979393405755252,0.9919018750957335,7,16879,434,249.2780487804878,4.968328883068689,2.415299043687341,1.8901099248764948,41.048751503547585,0.7983847482264309,0.8658375308534312,0.9468194735509735,0.8318479034938173,0.9520264681555004,30.364452901377952,Dosenoeffner
11,0.09208479678876066,0.15737555261378822,1.547540892028382,10,643,318,232.41692743257337,27.421875,2.3703703703703702,1.5740740740740742,65.0,0.25221797561519754,0.9722154820008247,0.9495595730865909,0.9843919786624519,0.9804995325230399,7.0,Flaschenoeffner
20,0.017920260338506022,0.1218669811958849,1.059845836926113,12,48595,450,250.6661945745724,15.38067233648819,1.7888446215139442,1.4615384615384615,44.94441010848846,0.17926473783035546,0.7258110773662173,0.9243583903094426,0.8553916612984375,0.9335624284077892,17.46424919657298,Flaschenoeffner
21,0.018388602690552005,0.27624957592686195,1.1174917422527069,10,48977,464,247.7481992389236,10.848047513769187,1.577910010709038,4.235294117647059,20.0,0.22415169312668293,0.6501267240998808,0.957383673393215,0.6018415613282507,0.9416703490941228,86.14522621712709,Korkenzieher
