approxAnzahl,areaRatio,circleLike,contureDistance,conturenAnzahl,farPoint,keyPointsAnzahl,mean_val,middlepointDistance,minimal_ratio,minimal_ratio2,momentpointDistance,rectangleLike,seradity,seradity2,solidity,solidity2,steiner,type
22,0.048823392744531846,0.4194118345916519,1.0832224095015117,9,41703,447,233.7753948515875,17.584873525856487,2.0605972406174584,1.8709677419354838,41.10960958218893,1.1387838501966083,0.5809754198894089,0.9529787043844038,0.5276717223020071,0.9475040257648953,12.0,Korkenzieher
18,0.04140540088621353,0.39883895130925223,1.157630091863418,4,3882,441,242.13288297565597,8.543678814395099,4.3068963364996815,1.595719472378216,37.589892258425,1.204330323377534,0.8992394937898149,0.9189417707631122,0.9097201095223608,0.9053930530164533,4.47213595499958,Flaschenoeffner
19,0.08802046795691826,0.2391068518239614,1.060317125924605,2,8698,424,233.55314987367908,22.596414746411504,2.645312418201499,1.2142857142857142,63.15853069855251,0.6030923127165058,0.8697401613405497,0.9400153071386468,0.830855209773826,0.914273467638234,7.0710678118654755,Flaschenoeffner
