approxContureArea_1,approxContureArea_2,approxContureLenght_1,approxContureLenght_2,area_1,area_2,boxLenght_1,boxLenght_2,boxWidth_1,boxWidth_2,convexHullArea_1,convexHullArea_2,convexHullLenght_1,convexHullLenght_2,index,perimeter_1,perimeter_2,ratio_1,ratio_2,stein_1,stein_2,type
0.0,1060.0,850.12939453125,179.36796951293945,5847.0,769.5,424.96875,81.08782958984375,55.59616470336914,28.509262084960938,18329.5,1655.5,880.5264029502869,187.5391821861267,1377,1813.6955199241638,233.35533845424652,7.643850115694164,2.8442626592085243,26.627053911388696,6.082762530298219,Korkenzieher
